,2000,2001,2002,2003,2004,2005,2006,2007,2008,2009,2010,2011,2012,2013,2014,2015,2016,2017,2018,2019,2020,2021,2022
01-01,,0.7,20.22,60.11,70.58,,,920.2,1020.3,220.79,830.14,,,920.92,1010.05,540.9,1010.26,,2250.2,,,,
01-02,,0.7,20.22,60.11,70.58,,370.65,920.2,1020.3,220.79,,,790.35,920.92,1010.05,540.9,,1730.25,2250.2,,,,
01-03,,0.65,20.27,60.11,,130.91,370.65,920.2,1020.3,,,1040.36,820.35,920.92,1010.05,,,1800.12,2310.9,1860.99,2550.0,,3050.47
01-04,10.0,0.69,20.3,,,130.91,370.65,920.2,1020.3,,830.14,1040.36,830.4,920.92,,,980.01,1750.95,2380.8,1900.99,,2760.0,3040.24
01-05,10.22,0.7,,,70.96,130.91,370.65,920.2,,220.79,830.14,1040.36,820.56,,,560.37,980.89,1710.9,2380.6,,,2730.82,2870.01
01-06,10.27,,,60.15,80.25,130.91,370.65,,,220.79,830.14,1040.36,830.23,,980.63,580.28,960.85,1700.69,,,2530.9,2740.68,2930.92
01-07,10.27,,20.3,60.15,80.25,130.91,,,1020.3,220.79,830.14,1040.36,,920.92,980.63,580.28,960.85,,,,,,
01-08,,0.7,20.36,60.14,80.34,,,920.2,1020.3,220.79,830.14,,,980.35,980.2,650.7,960.85,,2380.6,1910.24,2590.15,2820.08,
01-09,,0.71,20.33,60.23,80.65,,370.65,830.53,1010.25,220.79,,,830.83,980.27,970.97,630.1,,1680.35,2400.4,1970.0,2570.99,,
01-10,10.34,0.72,20.31,60.26,,130.91,400.08,820.6,1030.48,,,1040.36,860.73,980.39,990.41,,,1710.6,2370.76,1960.75,2580.19,,2910.69
01-11,10.22,0.74,20.33,,,140.16,420.1,860.85,1040.82,,860.72,1030.83,840.89,990.57,,,910.03,1690.05,2390.0,1960.8,,2880.85,2910.88
01-12,10.27,0.75,,,80.59,140.0,470.5,860.65,,220.81,850.09,1070.08,840.2,,,620.9,910.71,1680.27,2370.75,,,2880.45,2900.4
01-13,10.39,,,60.27,80.56,130.96,450.51,,,220.21,860.63,1070.44,830.69,,1000.24,600.31,910.5,1640.9,,,2620.4,2830.66,2720.5
01-14,10.5,,20.31,60.19,80.62,130.85,,,1040.92,200.8,870.49,1070.17,,1010.0,990.25,600.05,930.04,,,1960.8,2590.05,2840.28,2610.0
01-15,,0.75,20.46,60.3,80.34,,,890.6,1050.69,200.19,880.13,,,990.98,1000.69,610.8,870.27,,2380.85,1980.0,2560.31,2760.82,
01-16,,0.75,20.52,60.23,80.52,,450.83,940.75,1010.48,190.96,,,830.9,990.94,1000.6,610.99,,1640.66,2390.64,2010.26,2570.51,,
01-17,10.38,0.79,20.69,60.12,,130.61,430.1,920.4,1010.34,,,1090.53,840.65,1010.14,1010.08,,,1650.98,2390.82,2030.32,2620.5,,2570.78
01-18,10.32,0.78,20.78,,,130.55,400.51,900.26,990.23,,900.43,1080.16,840.72,1030.4,,,860.15,1650.24,2450.5,2080.44,,2800.95,2340.7
01-19,10.22,0.8,,,80.52,130.57,430.18,900.4,,180.35,920.04,1070.86,850.66,,,610.8,860.68,1660.3,2420.45,,,2770.09,2440.86
01-20,10.34,,,60.24,80.53,130.42,440.1,,,170.1,900.61,1050.33,850.11,,1010.96,600.8,830.83,1670.49,,,2660.28,2780.8,2540.61
01-21,10.37,,20.73,60.11,80.55,130.5,,,910.57,170.47,890.17,1050.74,,1030.68,1020.14,620.8,860.0,,,2070.17,2680.06,2750.75,2460.9
01-22,,0.77,20.75,60.14,80.57,,,920.72,920.81,150.91,860.54,,,1020.45,1020.2,640.35,910.5,,2430.99,2070.95,2660.54,2670.5,
01-23,,0.79,20.71,60.1,80.58,,410.8,910.82,890.91,150.23,,,850.01,1030.47,1010.56,640.45,,1660.75,2440.4,2100.4,2630.73,,
01-24,10.24,0.82,20.56,60.03,,130.75,420.8,910.35,950.45,,,1030.95,850.02,1020.52,990.63,,,1700.25,2470.53,2120.2,2650.49,,2360.97
01-25,10.19,0.81,20.42,,,130.97,430.31,930.85,950.1,,870.85,1050.99,870.08,1030.65,,,910.0,1700.26,2500.64,2120.0,,2650.19,2390.59
01-26,10.25,0.79,,,80.67,140.01,420.61,920.54,,170.05,850.95,1080.52,900.31,,,600.49,910.5,1730.79,2470.0,,,2680.27,2360.9
01-27,10.33,,,60.02,80.63,140.03,430.5,,,160.35,860.44,1070.52,900.82,,970.84,610.2,950.75,1780.92,,,2550.32,2660.84,2540.29
01-28,10.2,,20.45,50.99,80.56,140.3,,,900.32,170.01,870.25,1060.36,,1060.95,970.4,600.63,960.69,,,2090.7,2570.7,2640.68,2570.82
01-29,,0.76,20.67,50.98,80.51,,,880.0,930.41,160.45,880.45,,,1060.55,960.1,600.5,960.5,,2500.48,2130.61,2590.94,2580.42,
01-30,,0.76,20.5,60.12,80.37,,420.23,850.7,910.57,160.42,,,890.0,1070.75,950.7,610.5,,1740.6,2570.8,2130.14,2570.31,,
01-31,10.14,0.76,20.57,60.04,,140.3,410.71,870.38,870.98,,,1050.83,900.32,1090.38,940.8,,,1720.2,2640.5,2170.9,2520.2,,2690.42
02-01,10.13,0.73,20.56,,,140.56,420.47,920.62,890.39,,870.82,1060.34,920.66,1080.47,,,960.5,1730.9,2630.2,2160.29,,2620.24,2640.7
02-02,10.14,0.72,,,80.36,140.56,420.5,910.76,,150.78,880.07,1040.35,920.64,,,610.4,940.4,1720.83,2570.32,,,2670.0,2610.0
02-03,10.21,,,60.11,80.45,140.73,400.5,,,150.18,880.16,1030.85,940.49,,940.57,620.0,940.53,1730.8,,,2530.99,2610.55,2500.79
02-04,10.24,,20.46,60.15,80.59,140.79,,,900.85,150.29,840.71,1020.75,,1070.43,930.94,610.04,970.57,,,2150.5,2550.4,2680.34,2560.53
02-05,,0.74,20.48,60.13,80.55,,,900.8,870.14,140.87,830.06,,,1070.72,950.51,620.41,970.2,,2550.64,2170.85,2550.2,2710.55,
02-06,,0.74,20.52,60.07,80.56,,420.0,910.3,870.87,150.53,,,930.87,1060.89,960.56,640.31,,1720.87,2580.94,2160.59,2520.11,,
02-07,10.24,0.73,20.55,60.11,,140.95,410.76,900.9,840.51,,,1030.27,930.48,1050.7,960.6,,,1730.47,2570.58,2110.01,2540.3,,2570.61
02-08,10.3,0.73,20.57,,,150.04,420.9,890.55,830.44,,790.28,1010.57,950.07,1070.16,,,940.7,1710.2,2530.19,2100.43,,2740.77,2690.8
02-09,10.31,0.72,,,80.75,150.07,450.0,890.5,,160.73,800.31,990.83,950.17,,,650.57,930.89,1680.8,2500.11,,,2670.91,2790.09
02-10,10.3,,,60.09,80.71,150.08,440.1,,,170.92,810.28,960.45,940.01,,950.49,650.0,960.35,1650.5,,,2520.26,2650.53,2750.2
02-11,10.3,,20.69,60.24,80.87,150.24,,,830.59,180.53,820.63,1010.04,,1070.04,960.18,650.12,940.2,,,2140.0,2540.5,2650.1,2600.83
02-12,,0.72,20.69,60.21,80.97,,,880.64,850.67,180.6,790.97,,,1080.49,970.0,670.21,940.85,,2550.05,2190.1,2540.5,2640.0,
02-13,,0.74,20.72,60.22,80.97,,430.71,900.8,850.36,180.95,,,960.17,1080.78,950.5,700.6,,1640.7,2580.3,2130.9,2530.89,,
02-14,10.32,0.73,20.72,60.33,,150.51,440.4,910.91,860.45,,,1010.28,960.4,1070.79,960.7,,,1620.7,2620.03,2040.43,2510.75,,2560.7
02-15,10.27,0.78,20.68,,,150.66,430.91,930.75,830.3,,800.24,990.62,970.06,1050.1,,,950.25,1630.5,2640.58,2080.0,,2700.18,2740.0
02-16,10.34,0.75,,,90.0,150.43,440.25,920.26,,170.76,830.14,1000.83,960.17,,,700.0,960.51,1660.49,2660.99,,,2710.25,2770.78
02-17,10.38,,,60.38,90.07,150.47,450.3,,,150.29,820.59,1000.83,960.74,,970.47,720.45,990.2,1650.49,,,2510.36,2680.94,2600.58
02-18,10.37,,20.68,60.49,90.1,150.55,,,840.83,140.48,790.86,1000.7,,1060.23,960.73,760.4,1020.7,,,2040.19,2490.2,2660.51,2500.28
02-19,,0.73,20.67,60.47,90.22,,,920.25,840.53,150.23,790.31,,,1080.48,940.8,730.78,1010.5,,2660.85,2020.08,2490.7,2710.35,
02-20,,0.72,20.63,60.58,90.4,,450.79,920.4,820.66,140.36,,,970.51,1070.92,940.6,740.75,,1650.44,2670.22,2060.89,2500.15,2700.51,
02-21,10.35,0.67,20.67,60.66,,150.51,440.5,920.8,840.19,,,1000.49,960.69,1060.58,940.93,,,1670.0,2790.2,2030.41,2500.8,,2010.0
02-22,10.37,0.68,20.76,,,150.66,440.72,970.0,820.92,,790.31,980.55,960.07,1060.18,,,1030.2,1650.9,2770.49,2050.25,,2730.0,2080.53
02-23,10.4,0.66,,,90.4,150.66,440.72,970.0,,140.36,790.31,980.55,960.07,,,740.75,1030.2,1650.9,2770.49,,,,
02-24,10.43,,,60.66,90.6,150.88,440.72,,,140.15,760.1,970.13,990.09,,940.67,730.7,1020.1,1650.51,,,,2690.79,1320.18
02-25,10.37,,20.76,60.72,90.89,160.3,,,820.92,140.23,740.96,1000.23,,1060.66,940.13,740.2,1040.05,,,2050.86,2450.19,2750.19,1310.12
02-26,,0.69,20.78,60.68,90.8,,,990.05,840.71,140.64,750.09,,,1040.18,920.35,750.95,1060.24,,2790.97,2050.8,2500.8,2700.03,
02-27,,0.67,20.77,60.67,90.84,,440.85,950.0,830.72,140.29,,,990.66,1030.4,900.05,750.91,,1600.95,2780.21,2050.4,2420.88,,
02-28,10.3,0.67,20.75,60.67,,160.3,420.9,960.71,820.91,,,1020.09,980.68,1040.46,910.1,,,1560.0,2720.4,2070.8,2330.36,,
02-29,10.35,,,,,,,,800.3,,,,1000.11,,,,1070.0,,,,,,
03-01,10.39,0.69,20.9,,100.11,160.22,420.8,910.36,,,800.25,990.9,1000.27,1030.04,,,1080.26,1600.0,2750.0,2060.54,,2740.27,
03-02,10.37,0.71,,,100.03,150.8,420.93,910.25,,140.33,820.51,990.45,1010.56,,,760.2,1060.12,1630.4,2730.0,,2280.17,2790.2,
03-03,10.41,,,60.9,90.83,150.9,420.75,,780.62,150.01,830.23,1010.91,,,770.35,750.55,1060.99,1640.4,,,2360.63,2780.88,
03-04,,,20.93,60.83,90.9,160.6,,,760.51,160.36,820.95,1000.53,,1020.71,810.52,720.31,1080.99,,,2050.5,2350.27,2790.84,
03-05,,0.75,20.93,70.01,100.06,,,910.51,780.32,150.69,870.09,,1020.27,1040.01,810.47,720.7,,,2770.0,2020.92,2320.33,2750.44,
03-06,10.41,0.79,20.89,70.0,,,420.4,920.3,770.11,150.82,,,970.32,1050.42,800.47,730.25,,1620.0,2740.03,2050.0,2190.99,,
03-07,10.47,0.83,30.0,60.83,,160.56,400.5,910.3,740.75,,,1010.49,970.53,1050.26,790.99,,1090.47,1600.98,2710.47,2030.95,,,
03-08,10.47,0.83,30.0,,100.06,160.56,400.5,910.3,,,870.09,1010.49,970.53,1050.26,,,1090.47,1600.98,,,,,
03-09,10.54,0.83,,,100.25,160.34,390.3,920.5,,150.82,890.4,1020.76,970.53,,,730.25,1080.15,1560.2,2710.58,,,2840.72,
03-10,10.62,,,60.83,100.13,150.9,390.5,,740.75,170.08,870.21,990.67,,,790.99,690.8,1080.84,1570.5,,,2010.2,2810.66,
03-11,,,20.99,60.77,90.99,150.9,,,780.37,170.18,870.36,980.74,,1060.87,760.75,700.68,1090.26,,,2050.25,1940.53,2850.48,
03-12,,0.78,20.96,60.72,90.96,,,910.73,780.47,160.67,890.14,,990.15,1060.02,720.74,700.79,,,2740.77,2050.1,1750.91,2850.7,
03-13,10.53,0.79,30.0,60.8,,,400.75,920.0,750.88,160.91,,,1000.54,1040.48,690.8,670.87,,1580.92,2750.49,2060.0,1980.6,,
03-14,10.57,0.83,30.05,60.78,,160.0,390.28,900.0,770.0,,,970.11,1030.26,1040.83,710.2,,1090.26,1570.42,2690.08,2030.66,,,
03-15,10.49,0.91,30.24,,100.09,150.87,390.28,900.1,,,870.96,950.0,1000.63,1040.37,,,1060.46,1560.2,2580.89,2030.55,,2910.19,
03-16,10.44,0.94,,,100.18,150.2,390.1,890.98,,180.2,880.95,940.53,1000.37,,,650.57,1070.0,1580.35,2530.73,,1950.85,2930.3,
03-17,10.43,,,60.58,100.3,150.63,390.8,,720.52,200.28,890.43,980.03,,,760.71,640.65,1090.47,1610.15,,,1840.01,2810.3,
03-18,,,30.37,60.48,110.03,150.87,,,740.59,200.52,890.72,990.99,,1000.41,820.0,650.26,1120.4,,,2050.9,1740.27,2830.45,
03-19,,0.94,30.35,60.56,110.64,,,910.11,740.79,240.09,880.1,,990.7,990.68,800.64,640.9,,,2540.16,2070.7,1890.51,2840.32,
03-20,10.4,0.94,30.34,60.57,,,400.12,900.2,730.56,220.98,,,980.51,1020.29,790.4,670.0,,1630.8,2520.08,2090.8,1950.69,,
03-21,10.46,0.92,30.48,60.65,,150.8,400.09,900.28,740.48,,,1000.42,980.22,1010.69,780.47,,1120.07,1620.98,2650.65,2100.61,,,
03-22,10.51,0.92,30.81,,110.4,160.05,400.27,930.95,,,860.43,1000.41,960.01,990.38,,,1110.49,1620.92,2660.25,2070.7,,2890.05,
03-23,10.53,0.92,,,110.6,150.91,410.44,940.51,,250.39,850.9,1010.11,970.5,,,650.0,1090.1,1640.15,2630.07,,1830.37,2830.03,
03-24,10.52,,,60.47,110.58,160.25,410.04,,760.96,230.34,860.92,1050.07,,,780.4,650.6,1080.06,1640.52,,,1920.64,2860.6,1360.24
03-25,,,30.71,60.47,110.76,160.41,,,740.8,250.38,850.99,1060.99,,980.66,810.7,640.8,1090.1,,,2140.0,1880.08,2850.17,1310.5
03-26,,0.91,30.82,60.54,110.9,,,940.18,730.05,240.95,840.63,,990.99,970.13,820.5,620.85,,,2630.52,2180.0,1880.07,2880.9,
03-27,10.52,0.91,40.11,60.55,,,410.29,920.95,730.16,220.68,,,970.84,960.73,790.9,610.0,,1620.69,2560.9,2140.1,1800.38,,
03-28,10.4,0.91,40.29,60.54,,160.5,400.25,920.6,730.34,,,1060.47,950.83,980.64,810.36,,1080.12,1630.66,2520.03,2150.07,,,1250.0
03-29,10.44,0.9,40.28,,120.68,160.27,390.75,930.3,,,850.42,1060.23,930.57,980.83,,,1070.05,1630.22,2530.13,2140.42,,2930.0,1280.77
03-30,10.39,0.94,,,120.67,160.1,410.15,920.5,,200.07,850.1,1060.92,940.64,,,630.01,1090.15,1630.5,2530.89,,1830.0,2930.84,1340.6
03-31,10.42,,,60.42,120.63,160.5,410.17,,730.29,200.82,850.83,1060.79,,,830.8,620.88,1090.9,1590.8,,,1870.21,2900.26,1430.69
04-01,,,40.31,60.43,120.67,170.05,,,750.03,210.02,870.72,1080.71,,980.08,830.88,640.5,1080.52,,,2170.7,1840.78,2880.86,1540.5
04-02,,0.95,40.34,60.47,120.75,,,920.32,780.86,230.26,880.17,,950.19,980.96,820.67,650.92,,,2560.5,2180.23,1860.95,2910.72,
04-03,10.39,0.92,40.3,60.55,,,410.35,920.55,760.83,220.93,,,970.92,990.48,810.51,650.5,,1610.8,2490.2,2190.05,1850.64,,
04-04,10.52,0.92,40.46,60.64,,170.25,400.85,930.2,770.25,,,1080.58,960.18,990.89,820.98,,1080.2,1630.5,2510.07,2210.8,,,1660.0
04-05,10.4,0.96,40.62,,120.89,170.39,410.9,940.87,,,880.57,1060.92,970.4,990.29,,,1060.87,1680.1,2610.36,2270.5,,2880.79,1540.1
04-06,10.43,0.94,,,120.3,170.49,410.65,970.05,,230.27,880.59,1070.89,950.63,,,680.99,1080.0,1670.49,2600.13,,1900.7,2810.8,1410.6
04-07,10.42,,,60.83,120.34,170.58,410.9,,790.28,230.55,860.48,1060.65,,,790.95,690.6,1080.51,1610.49,,,1970.63,2820.4,1470.5
04-08,,,40.71,60.77,120.49,170.63,,,770.59,240.53,840.9,1090.06,,1000.35,790.41,690.4,1120.92,,,2320.3,2000.29,2830.72,1430.72
04-09,,0.94,40.86,60.77,120.47,,,1000.0,780.78,260.83,860.85,,950.86,1020.61,780.85,720.0,,,2210.75,2380.0,2030.61,2800.1,
04-10,10.55,0.97,50.07,60.7,,,430.2,990.95,770.32,260.87,,,950.61,1030.28,790.9,710.5,,1550.2,2130.82,2430.68,2010.99,,
04-11,10.48,10.01,50.0,60.73,,170.5,420.81,1000.36,740.49,,,1080.43,960.08,1020.43,790.75,,1170.35,1560.0,2120.17,2380.86,,,1380.69
04-12,10.52,10.0,40.69,,120.4,170.61,430.59,980.99,,,860.46,1040.84,950.64,980.43,,,1170.95,1500.28,2160.21,2390.5,,2810.2,1350.38
04-13,10.51,10.03,,,120.01,180.02,420.95,1020.6,,260.7,870.24,1060.16,940.07,,,740.1,1190.5,1520.0,2110.52,,1980.26,2860.28,1350.5
04-14,10.5,,,60.78,120.01,180.0,430.37,,740.08,290.1,890.18,1060.43,,,780.35,740.05,1190.3,1490.24,,,1970.37,2880.3,1290.05
04-15,,,40.62,60.88,120.21,180.17,,,730.63,280.02,890.3,1060.04,,950.35,750.2,760.49,1190.3,,,2370.8,1860.07,2830.17,1300.88
04-16,,10.01,40.81,60.95,110.86,,,1020.9,750.35,290.14,870.06,,920.21,950.88,760.13,760.5,,,1980.55,2330.24,1880.5,2890.03,
04-17,10.38,10.03,50.05,60.93,,,430.43,1020.7,730.51,280.86,,,930.18,940.64,760.89,720.5,,1530.99,2030.66,2340.3,1910.8,,
04-18,10.39,10.09,50.09,70.0,,170.8,430.55,1000.5,760.62,,,1000.07,920.93,950.37,780.82,,1180.2,1530.4,2160.73,2320.79,,,1230.85
04-19,10.38,10.07,50.2,,110.72,170.99,430.65,1000.0,,,850.23,1010.47,940.35,960.35,,,1210.5,1530.6,2180.93,2320.6,,2870.84,1200.3
04-20,10.41,10.02,,,110.9,170.97,420.5,1020.25,,260.21,860.63,1020.79,950.15,,,730.5,1230.75,1580.21,2140.4,,1890.32,2870.92,1210.5
04-21,10.44,,,70.12,110.6,180.07,420.79,,750.13,250.96,850.54,1020.57,,,770.62,750.24,1190.17,1590.59,,,1860.05,2880.1,1180.65
04-22,,,50.27,70.13,110.65,180.21,,,740.91,270.3,840.31,1030.97,,940.99,760.3,730.9,1210.25,,,2350.41,1900.2,2920.21,1160.97
04-23,,10.01,50.23,70.2,110.7,,,1020.28,740.29,280.22,840.42,,920.53,960.44,750.56,750.8,,,2160.95,2350.67,1900.94,2930.0,
04-24,10.4,10.04,50.36,70.09,,,420.6,1010.6,740.28,270.76,,,920.66,970.92,730.21,750.75,,1620.5,2260.07,2360.0,1880.91,,
04-25,10.42,10.03,50.48,70.13,,180.18,420.93,1020.63,750.02,,,1010.81,930.72,960.37,690.91,,1200.08,1620.55,2210.59,2270.8,,,1110.9
04-26,10.48,10.06,50.45,,110.67,180.1,470.51,1020.3,,,840.69,1010.41,920.67,950.73,,,1190.7,1650.05,2180.13,2230.18,,2940.9,1220.36
04-27,10.43,10.05,,,120.04,170.89,460.3,990.79,,270.01,820.94,1000.24,930.75,,,750.2,1200.8,1640.69,2220.98,,1880.9,2970.5,1310.11
04-28,10.49,,,70.16,110.79,170.93,480.95,,750.68,260.07,790.47,1010.01,,,730.39,750.7,1240.39,1650.2,2230.75,,1920.8,2980.4,1230.85
04-29,,,50.38,70.15,110.22,170.96,,,760.95,270.03,800.88,990.95,,940.71,720.8,750.2,1230.55,,,2280.8,1950.8,2960.94,1280.8
04-30,,10.05,50.31,70.05,110.13,,,1010.8,770.11,270.84,780.67,,940.03,990.02,720.5,760.9,,,2260.45,2250.17,1970.25,2970.72,
05-01,10.49,10.05,50.31,70.05,,,480.95,1010.8,770.11,270.84,,,940.03,990.02,720.5,760.9,,1650.2,,,,,
05-02,10.49,10.05,50.31,70.05,,170.96,510.59,1020.8,770.11,,,990.95,930.21,1000.8,720.22,,1230.55,1660.64,2270.25,2290.1,,,
05-03,10.47,10.05,50.31,,110.13,180.27,490.65,1020.4,,,780.67,970.92,920.65,1020.91,,,1230.55,1640.71,2290.89,2320.52,,,
05-04,10.46,10.06,,,110.13,180.35,490.8,1020.85,,290.28,750.58,960.34,900.75,,,760.9,1200.96,1650.5,2260.54,,1930.69,3010.3,1230.2
05-05,10.45,,,70.18,110.33,180.13,490.9,,810.03,280.85,750.07,950.57,,,710.99,800.21,1200.92,1650.8,,,1940.75,3050.85,1240.8
05-06,,,50.29,70.2,110.24,180.07,,,800.22,290.44,740.0,980.15,,1020.41,740.1,790.2,1200.64,,,2320.8,1950.7,3120.76,1230.1
05-07,,10.05,40.97,70.3,100.57,,,1020.93,820.18,310.26,700.41,,880.46,1050.14,780.5,760.5,,,2290.82,2310.49,1950.51,3170.91,
05-08,10.47,10.06,50.43,70.33,,,500.5,1030.08,810.63,320.28,,,890.3,1050.81,780.8,750.5,,1650.8,2280.13,2300.0,1960.02,,
05-09,10.47,10.06,50.43,70.33,,180.07,500.5,1030.08,810.63,,,980.15,890.3,1050.81,780.8,,1200.64,1650.8,,,,,
05-10,10.46,10.06,50.43,,100.57,180.07,480.52,1030.0,,,700.41,970.38,910.74,1030.6,,,1190.55,1700.8,2310.3,2270.0,,3190.97,
05-11,10.44,10.05,,,100.1,170.7,460.9,990.89,,320.28,740.72,960.64,910.0,,,750.5,1230.45,1690.97,2360.49,,,3060.16,1230.34
05-12,10.4,,,80.0,100.99,170.72,460.32,,820.69,330.66,810.98,960.61,,,790.08,750.19,1210.2,1670.7,,,1910.4,3030.27,1190.15
05-13,,,50.46,70.92,110.2,170.87,,,830.15,320.26,800.75,970.88,,1030.33,800.15,750.24,1210.07,,,2240.22,1870.31,3060.05,1200.2
05-14,,10.05,50.43,70.89,110.02,,,990.56,840.02,310.69,770.24,,870.6,1030.88,810.38,740.31,,,2350.19,2270.88,1830.81,3020.7,
05-15,10.39,10.06,50.43,80.0,,,430.85,970.65,830.96,320.99,,,880.2,1030.23,800.04,750.05,,1710.35,2330.66,2280.69,1830.85,,
05-16,10.41,10.07,50.48,80.06,,170.52,440.1,980.15,850.8,,,980.06,860.88,1020.45,790.2,,1220.6,1700.66,2290.07,2280.19,,,1230.41
05-17,10.28,10.08,50.58,,110.39,170.98,420.0,970.5,,,760.71,960.38,800.63,1050.1,,,1220.71,1690.24,2280.32,2260.94,,3020.6,1270.75
05-18,10.27,10.09,,,110.91,180.01,420.09,980.5,,340.05,770.05,970.15,780.4,,,750.36,1230.12,1660.5,2270.52,,1880.93,3040.96,1250.12
05-19,10.2,,,80.0,110.9,180.04,410.51,,880.59,360.05,730.82,960.59,,,810.62,730.35,1200.5,1680.87,,,1890.0,2960.61,1250.6
05-20,,,50.62,80.0,120.38,170.86,,,870.31,400.03,700.01,940.04,,1060.63,820.31,710.6,1210.9,,,2260.0,1930.98,2970.11,1220.2
05-21,,10.09,50.74,80.0,120.3,,,980.17,870.33,370.63,690.17,,810.9,1080.88,830.59,730.25,,,2250.39,2320.71,1920.4,3010.54,
05-22,10.13,10.1,50.73,80.05,,,360.84,960.85,850.54,390.01,,,820.82,1100.8,830.26,740.35,,1680.03,2230.81,2350.86,1880.9,,
05-23,10.03,10.17,50.74,80.3,,170.88,410.8,930.4,860.32,,,910.63,780.75,1050.62,850.83,,1210.51,1660.31,2220.69,2290.3,,,1190.46
05-24,0.98,10.14,50.64,,120.27,180.24,400.36,910.49,,,700.14,930.65,810.57,1030.01,,,1230.5,1650.7,2210.8,2340.45,,2990.74,1230.6
05-25,10.02,10.12,,,110.8,180.0,430.33,930.36,,390.39,640.41,950.23,800.11,,,740.46,1270.87,1640.05,2210.02,,1910.0,3070.0,1240.15
05-26,10.07,,,80.41,110.93,170.83,440.55,,840.76,390.5,680.71,950.64,,,860.87,740.67,1320.16,1600.7,,,1940.0,3060.25,1230.0
05-27,,,50.65,80.38,110.8,170.85,,,830.1,400.94,700.65,960.94,,1020.86,840.33,740.23,1330.2,,,2360.0,1980.51,3130.9,1210.22
05-28,,10.09,50.41,80.45,110.56,,,920.3,840.77,410.47,700.46,,800.32,1040.0,840.95,730.6,,,2200.42,2330.19,2050.0,3090.9,
05-29,10.06,10.06,50.36,80.26,,,420.83,890.39,840.55,440.21,,,840.11,990.98,850.65,730.5,,1630.9,2180.61,2330.4,2000.5,,
05-30,10.11,10.07,50.29,80.07,,170.99,420.89,870.9,850.24,,,970.32,820.46,990.94,840.5,,1340.45,1610.64,2190.91,2320.75,,,1200.67
05-31,10.13,10.07,50.39,,110.35,180.5,430.15,910.8,,,710.05,970.61,810.76,980.73,,,1320.56,1550.93,2220.92,2330.24,,3090.91,1180.3
06-01,10.18,10.09,,,110.2,180.46,450.29,950.1,,510.75,700.89,960.65,780.75,,,720.65,1310.36,1530.0,2200.96,,2030.66,3110.3,1210.97
06-02,10.25,,,70.96,110.69,180.41,470.65,,840.5,530.36,700.96,960.9,,,850.91,730.92,1320.3,1570.14,,,2120.0,3130.85,1190.0
06-03,,,50.42,80.04,110.74,180.56,,,830.55,470.1,720.19,950.19,,980.72,860.84,710.72,1310.59,,,2390.95,2210.5,3120.5,1190.21
06-04,,10.11,50.35,80.21,110.61,,,960.4,820.22,490.03,700.2,,780.15,980.89,870.81,710.25,,,2210.06,2360.0,2130.1,3100.46,1180.34
06-05,10.21,10.14,50.3,80.1,,,470.45,970.4,820.1,500.78,,,780.16,970.56,870.43,700.61,,1540.7,2160.51,2390.0,2190.1,,1180.37
06-06,10.13,10.14,50.38,80.17,,180.5,440.51,960.4,800.73,,,950.92,800.64,960.8,890.0,,1330.99,1520.8,2170.5,2440.89,,,1180.78
06-07,10.19,10.11,50.36,,110.92,180.38,450.18,950.99,,,710.02,960.3,830.39,990.05,,,1390.97,1520.82,2180.31,2480.28,,3140.6,1180.32
06-08,10.2,10.11,,,110.81,180.44,410.65,940.0,,480.39,700.92,950.97,810.33,,,690.17,1390.39,1510.93,2100.95,,2200.3,3130.99,1190.9
06-09,10.2,,,80.2,110.77,180.38,420.98,,790.37,490.22,710.75,990.28,,,880.89,700.21,1390.61,1500.13,2120.6,,2170.23,3150.51,1180.2
06-10,,,50.51,80.0,110.55,180.43,,,780.52,490.47,730.26,970.54,,970.83,880.99,710.51,1330.5,,,2490.0,2120.53,3140.3,1180.07
06-11,,10.1,50.7,80.29,110.4,,,940.64,780.63,470.97,720.22,,810.52,940.67,890.0,720.55,,,2100.35,2350.89,2080.35,3130.01,1170.73
06-12,10.2,10.1,50.7,80.29,,,420.98,940.64,780.63,470.97,,,810.52,940.67,890.0,720.55,,1500.13,,,,,1180.09
06-13,10.19,10.12,50.63,80.29,,180.43,390.78,950.66,780.63,,,970.54,820.95,910.76,890.0,,1330.5,1460.0,2150.0,2400.49,,,1170.2
06-14,10.17,10.12,50.62,,110.4,180.5,400.77,990.2,,,720.22,970.66,830.11,930.58,,,1270.08,1430.0,2140.0,2380.8,,3140.4,1180.98
06-15,10.13,10.13,,,110.04,180.42,420.4,980.8,,440.06,750.92,970.65,840.33,,,710.8,1290.89,1390.0,2090.36,,2070.32,3120.7,1210.14
06-16,10.14,,,80.6,110.07,180.56,410.0,,780.9,460.05,760.77,960.98,,,840.85,730.5,1270.1,1410.63,,,2070.76,3130.06,1230.73
06-17,,,50.63,80.52,110.9,180.58,,,810.12,430.2,780.4,950.51,,950.65,830.8,720.81,1280.7,,,2370.8,2080.14,3140.89,1230.88
06-18,,10.16,50.42,80.52,110.77,,,990.15,800.61,420.67,800.1,,860.14,960.4,830.77,720.98,,,2060.3,2410.8,2030.77,3090.37,1220.81
06-19,10.09,10.18,50.4,80.34,,,420.2,980.67,800.21,410.16,,,870.02,940.57,840.8,710.56,,1450.0,2060.0,2400.4,2070.0,,1230.19
06-20,10.05,10.17,50.4,80.35,,180.5,440.4,1000.85,780.93,,,940.88,850.8,910.37,840.16,,1320.13,1440.9,2120.2,2440.1,,,1310.29
06-21,10.01,10.16,50.4,,110.79,180.41,430.82,990.3,,,830.99,960.04,850.38,910.31,,,1330.39,1430.49,2100.4,2380.02,,3080.71,1290.1
06-22,10.04,10.17,,,110.66,180.42,420.7,990.5,,350.77,820.45,950.69,830.89,,,720.0,1340.81,1440.25,2140.43,,2050.12,3090.37,1330.11
06-23,10.03,,,80.33,110.75,180.92,430.68,,780.05,370.03,800.91,940.19,,,830.68,720.01,1380.0,1440.1,,,2070.84,3110.0,1360.85
06-24,,,50.31,80.44,110.8,190.0,,,760.58,420.47,800.32,970.04,,880.75,860.5,710.98,1330.4,,,2390.09,,3100.88,1370.76
06-25,,10.17,50.38,80.51,110.94,,,990.78,770.92,410.39,770.98,,820.38,890.59,840.4,710.42,,,2020.51,2360.7,2050.09,3110.81,1370.31
06-26,10.01,10.14,50.26,80.62,,,430.3,1000.0,770.14,390.68,,,830.69,920.56,840.1,700.6,,1440.49,1990.91,2400.59,2030.21,,1370.74
06-27,0.94,10.11,50.38,80.57,,180.87,440.6,980.97,760.3,,,960.5,840.49,930.36,840.33,,1260.2,1470.1,2070.95,2400.5,,,1410.15
06-28,0.96,10.11,50.3,,110.57,180.84,450.5,1000.1,,,800.13,990.06,820.79,930.5,,,1290.57,1450.5,2080.5,2380.55,,3090.48,1390.99
06-29,0.88,10.1,,,110.73,180.92,440.9,1000.02,,390.76,770.55,990.37,860.39,,,700.2,1330.88,1430.8,2180.0,,2050.4,3060.1,1320.8
06-30,0.98,,,80.41,110.73,190.18,450.95,,740.33,380.08,760.68,1000.06,,,840.5,720.35,1330.0,1450.59,,,2020.8,3060.45,1250.2
07-01,,,50.39,80.39,110.51,190.23,,,710.54,390.34,720.0,1040.6,,950.38,840.07,710.0,1330.85,,,2420.98,,3050.78,1290.91
07-02,,10.07,50.37,80.58,110.6,,,1000.4,720.92,370.81,730.0,,870.71,940.61,850.79,700.54,,,2210.01,2410.2,2100.0,3070.39,1290.41
07-03,10.07,10.05,50.33,80.56,,,460.0,1000.4,730.01,380.51,,,900.93,930.04,850.34,700.67,,1470.5,2180.45,2410.51,2100.08,,1290.72
07-04,10.1,10.09,50.34,80.6,,190.19,480.95,1000.4,720.34,,,1040.75,910.15,940.02,840.0,,1340.6,1490.39,2170.7,2420.82,,,1310.43
07-05,10.1,10.08,50.37,,110.62,190.3,460.6,1010.25,,,730.34,1040.23,900.93,930.27,,,1310.85,1480.96,2240.54,2420.83,,3070.0,1330.5
07-06,10.28,10.06,,,110.72,200.15,480.01,1010.4,,370.05,760.67,1040.4,890.17,,,680.45,1290.36,1500.35,2260.71,,2140.75,3030.34,1340.0
07-07,10.3,,,80.65,110.66,200.35,500.85,,730.4,370.13,770.46,1070.63,,,850.49,680.77,1310.8,1520.16,,,2110.41,3040.06,1330.09
07-08,,,50.35,80.62,110.64,200.89,,,730.86,360.26,770.49,1050.2,,920.82,850.11,670.73,1340.41,,,2430.3,2090.42,3020.63,1330.3
07-09,,10.05,50.34,80.46,110.61,,,1030.0,750.52,360.17,770.51,,900.1,920.43,850.2,690.35,,,2300.0,2420.74,2080.72,3030.56,1330.42
07-10,10.39,10.05,50.32,80.28,,,520.1,1030.2,740.78,340.42,,,900.95,910.11,840.47,710.06,,1550.0,2300.3,2430.76,2120.6,,1330.73
07-11,10.35,10.02,50.25,70.97,,200.99,500.8,1040.15,720.73,,,1020.41,900.03,950.42,840.55,,1370.2,1560.91,2270.57,2410.3,,,1260.8
07-12,10.38,10.02,50.27,,110.74,200.81,490.85,1060.7,,,790.78,1020.53,880.9,980.54,,,1400.4,1600.85,2260.6,2370.02,,3060.23,1290.0
07-13,10.35,0.99,,,110.94,210.15,470.2,1060.6,,350.81,820.36,1030.94,900.94,,,720.94,1390.4,1590.94,2290.85,,2100.16,3030.0,1260.0
07-14,10.35,,,80.1,120.08,210.0,460.8,,740.77,350.9,820.15,1040.4,,,830.55,730.9,1400.0,1610.4,,,2090.06,3010.5,1250.9
07-15,,,50.3,80.1,120.76,200.92,,,720.34,370.66,800.75,1050.56,,990.72,830.09,740.0,1380.12,,,2350.27,2110.11,3010.72,1280.9
07-16,,10.01,50.2,70.6,120.62,,,1060.8,720.74,370.39,790.05,,900.91,990.46,830.78,740.21,,,2270.99,2340.75,2120.1,2980.85,1270.99
07-17,10.35,10.01,50.29,70.3,,,450.25,1070.0,770.23,370.95,,,910.12,1010.02,810.5,750.52,,1610.98,2220.5,2340.63,2100.73,,1280.47
07-18,10.34,10.0,50.3,70.5,,200.72,450.09,1070.0,750.7,,,1010.19,910.61,980.42,800.27,,1390.93,1610.7,2160.28,2340.78,,,1280.11
07-19,10.3,10.01,50.23,,120.77,210.25,460.55,1070.0,,,800.24,1020.43,920.15,990.93,,,1390.47,1640.34,2070.5,2320.85,,2910.46,1270.76
07-20,10.29,10.0,,,120.3,210.19,460.4,1090.77,,390.23,790.85,1010.78,900.17,,,740.1,1380.57,1630.93,2040.34,,2120.49,2960.1,1260.44
07-21,10.3,,,70.64,120.2,210.32,460.4,,770.03,400.36,810.8,1020.97,,,760.56,750.55,1380.5,1620.1,,,2160.07,2940.86,1250.48
07-22,,,50.1,70.67,120.05,220.09,,,740.37,380.88,830.89,1010.85,,970.84,780.3,740.6,1370.8,,,2300.35,2160.8,2970.27,1280.82
07-23,,10.0,50.1,70.53,120.1,,,1120.17,760.06,410.19,830.12,,850.97,960.85,770.45,720.7,,,2080.42,2320.48,2160.71,2960.38,1280.63
07-24,10.31,10.0,40.83,70.7,,,460.4,1090.58,750.72,400.81,,,840.85,960.36,760.87,700.45,,1610.33,2150.45,2300.65,2160.86,,1280.97
07-25,10.29,10.0,40.9,70.72,,230.2,460.4,1090.16,700.23,,,1020.73,860.64,950.86,750.16,,1360.0,1600.22,2130.7,2320.9,,,1310.45
07-26,10.29,10.06,40.93,,120.09,220.17,460.4,1040.15,,,840.15,1020.29,880.43,940.86,,,1350.75,1610.55,2100.0,2300.55,,3030.34,1320.9
07-27,10.31,10.02,,,110.83,220.2,460.4,1030.16,,410.82,840.73,1010.63,900.32,,,680.48,1360.9,1660.0,2080.9,,2150.49,2990.71,1320.5
07-28,10.31,,,70.64,110.06,220.15,460.4,,690.94,400.42,840.17,1020.74,,,720.82,690.55,1360.85,1650.4,,,2160.42,3020.9,1310.72
07-29,,,50.01,70.48,110.15,210.86,,,660.49,390.49,860.46,1010.66,,940.29,730.2,710.2,1390.15,,,2320.8,2180.88,3030.12,1310.9
07-30,,10.02,40.93,70.66,110.1,,,1020.7,690.85,420.54,840.45,,910.28,940.21,730.68,720.2,,,2110.33,2360.0,2160.84,3050.59,1310.01
07-31,10.31,10.0,40.61,70.69,,,460.4,1050.11,690.21,420.46,,,890.68,950.22,730.6,720.3,,1640.53,2140.86,2330.49,2210.13,,1310.31
08-01,10.31,10.03,40.71,70.36,,220.09,460.4,1010.92,680.01,,,1020.94,890.51,960.77,720.37,,1380.52,1660.31,2100.6,2290.5,,,1270.34
08-02,10.3,10.02,40.65,,100.79,220.25,460.4,1020.38,,,860.65,1020.52,880.78,960.98,,,1350.06,1690.9,2060.6,2200.81,,3060.51,1270.53
08-03,10.33,10.01,,,100.82,210.73,460.4,1020.4,,460.17,850.77,990.42,910.64,,,710.1,1350.73,1700.0,2020.21,,2260.52,3090.89,1260.85
08-04,10.37,,,70.27,100.99,220.6,510.45,,640.45,460.42,850.76,980.67,,,720.75,720.3,1370.14,1690.73,,,2260.66,3110.1,1260.95
08-05,,,40.4,70.29,100.86,220.64,,,620.28,450.45,840.35,960.04,,960.32,710.6,730.49,1380.69,,,2220.24,2250.99,3150.82,1220.4
08-06,,10.0,40.42,70.4,100.81,,,1000.57,630.39,460.23,820.86,,930.18,940.72,690.0,720.25,,,2030.9,2260.01,2240.79,3190.15,1250.07
08-07,10.39,10.0,40.48,70.33,,,510.0,1000.65,640.1,470.78,,,930.96,940.37,680.5,740.2,,1720.79,2010.79,2220.25,2260.81,,1240.52
08-08,10.39,10.0,40.54,70.43,,220.57,500.81,1020.58,600.14,,,890.84,930.95,940.0,700.7,,1390.45,1750.75,1930.2,2230.93,,,1230.81
08-09,10.41,10.01,40.53,,100.86,220.37,510.8,990.08,,,830.55,910.44,930.95,950.66,,,1390.2,1730.4,1950.9,2200.67,,3260.91,1260.4
08-10,10.38,10.0,,,100.81,220.4,520.03,950.55,,470.73,820.66,850.3,920.83,,,750.16,1380.3,1720.2,1860.15,,2240.6,3300.11,1260.2
08-11,10.39,,,70.59,100.75,220.1,520.95,,640.23,460.63,800.85,840.34,,,740.21,730.2,1390.7,1720.05,,,2340.6,3290.9,1230.45
08-12,,,40.56,70.5,110.01,210.94,,,670.68,470.53,810.02,850.81,,960.21,730.35,730.4,1390.45,,,2220.3,2410.4,3280.57,1240.88
08-13,,10.01,40.61,70.87,110.2,,,970.44,640.88,480.09,800.82,,930.12,970.2,740.84,730.7,,,1900.0,2230.18,2420.54,3280.68,1240.13
08-14,10.43,10.02,40.57,70.63,,,530.6,960.87,640.17,460.65,,,930.63,970.98,740.99,740.43,,1720.51,1920.76,2170.11,2390.5,,1240.63
08-15,10.42,10.01,40.72,70.65,,220.4,530.7,940.45,650.6,,,880.09,920.92,950.49,750.05,,1390.5,1720.33,1870.98,2140.59,,,1250.0
08-16,10.39,10.01,40.76,,110.14,220.93,550.0,900.56,,,800.03,860.45,920.91,930.84,,,1380.1,1730.05,1910.6,2150.05,,3290.36,1260.39
08-17,10.36,10.01,,,110.05,230.7,550.37,940.81,,450.12,810.32,860.99,920.12,,,730.0,1380.44,1720.72,1890.55,,2370.01,3340.5,1240.5
08-18,10.33,,,70.7,110.04,230.83,520.7,,650.68,450.49,800.71,810.62,,,750.15,720.45,1370.0,1690.5,,,2350.8,3340.9,1260.3
08-19,,,40.76,70.7,110.05,240.22,,,620.21,460.21,790.43,780.83,,930.64,760.0,710.5,1350.8,,,2170.4,2390.75,3320.69,1250.2
08-20,,10.0,40.83,70.67,110.04,,,930.84,620.41,460.85,780.35,,910.55,910.7,760.9,720.05,,,1910.2,2160.0,2300.7,3250.67,1240.94
08-21,10.34,10.03,40.86,70.63,,,530.78,900.91,620.41,480.78,,,930.53,900.54,780.4,690.86,,1690.9,1910.8,2180.62,2300.7,,1250.67
08-22,10.38,10.03,50.01,70.53,,250.17,550.1,930.54,620.91,,,790.04,920.56,920.05,780.39,,1370.37,1710.0,1870.8,2190.5,,,1260.06
08-23,10.34,10.03,40.89,,110.04,250.6,540.85,940.15,,,780.05,770.26,930.09,910.97,,,1400.35,1750.3,1780.71,2190.5,,3290.22,1300.38
08-24,10.4,10.03,,,110.07,250.55,540.39,930.6,,490.21,750.36,770.97,920.98,,,680.53,1390.5,1790.8,1800.39,,2310.06,3240.83,1280.15
08-25,10.4,,,70.52,110.15,250.31,550.33,,590.86,480.82,730.94,780.95,,,780.56,700.79,1420.84,1800.51,,,2270.33,3240.57,1280.18
08-26,,,40.85,70.5,110.33,250.1,,,560.01,480.43,760.54,770.59,,910.25,770.44,710.0,1450.25,,,2180.5,2270.5,3220.54,1300.4
08-27,,10.04,40.88,70.52,110.4,,,950.2,550.5,470.59,770.12,,920.88,900.05,770.93,730.8,,,1830.27,2170.89,2260.57,3270.41,1290.8
08-28,10.38,10.04,40.84,70.65,,,540.89,940.49,590.28,480.28,,,940.52,890.39,740.59,740.82,,1810.85,1820.0,2180.3,2250.99,,1300.35
08-29,10.44,10.07,40.75,70.77,,250.3,570.71,930.76,570.3,,,810.61,940.5,890.81,730.21,,1430.55,1810.89,1830.5,2210.5,,,1310.17
08-30,10.41,10.06,40.76,,110.38,250.39,580.17,940.43,,,770.28,820.15,930.49,880.16,,,1430.18,1830.5,1780.0,2240.2,,3280.28,1300.05
08-31,10.4,10.06,,,110.47,250.51,570.19,970.43,,470.43,780.3,840.81,930.24,,,740.5,1430.5,1830.51,1820.0,,2250.0,3270.94,1340.25
09-01,10.38,,,70.89,110.48,250.5,560.3,,580.16,490.28,800.46,850.15,,,730.68,730.14,1440.25,1830.66,,,2260.72,3340.57,1380.2
09-02,,,40.69,80.2,110.55,250.63,,,610.06,480.97,800.55,820.39,,890.5,730.76,720.9,1460.88,,,2260.68,2210.8,3290.0,1430.8
09-03,,10.07,40.65,80.27,110.79,,,980.24,590.22,530.0,810.68,,940.13,900.47,780.5,740.15,,,1810.21,2240.0,2180.95,3290.71,1430.63
09-04,10.41,10.1,40.66,80.35,,,580.4,970.18,550.79,530.62,,,930.13,900.5,790.39,730.96,,1840.1,1790.5,2270.1,2200.0,,1440.69
09-05,10.4,10.09,40.6,80.26,,250.31,590.91,950.25,540.34,,,800.29,920.98,920.7,800.25,,1490.5,1840.14,1780.46,2300.79,,,1410.0
09-06,10.4,10.08,40.7,,110.87,240.4,590.35,960.73,,,810.8,800.49,930.96,920.51,,,1500.64,1830.12,1750.0,2290.02,,3290.37,1370.23
09-07,10.37,10.08,,,110.92,240.26,570.61,930.8,,550.32,800.01,830.74,930.93,,,730.81,1540.33,1840.0,1740.9,,2200.5,3250.96,1360.86
09-08,10.35,,,80.16,110.9,250.5,560.5,,570.39,580.45,820.19,850.49,,,780.69,740.9,1530.45,1850.89,,,2170.25,3310.7,1340.51
09-09,,,40.7,80.24,120.02,250.65,,,510.8,570.4,830.65,830.09,,940.9,790.41,740.65,1510.6,,,2290.0,2170.48,3260.01,1380.15
09-10,,10.06,40.79,80.26,120.11,,,940.41,470.45,560.52,830.27,,940.39,960.79,780.67,740.3,,,1710.21,2330.3,2210.88,3260.25,1370.26
09-11,10.33,10.04,40.82,80.31,,,530.9,940.81,450.34,590.16,,,940.03,950.5,760.3,740.1,,1900.5,1690.36,2340.72,2200.53,,1360.6
09-12,10.31,0.98,50.1,80.25,,250.41,540.7,940.02,470.8,,,790.66,930.6,950.55,760.65,,1510.43,1890.32,1730.9,2340.57,,,1380.7
09-13,10.28,10.0,50.06,,120.08,250.9,540.45,960.28,,,840.62,800.32,920.73,950.79,,,1490.8,1890.1,1830.5,2330.0,,3270.41,1370.0
09-14,10.29,0.98,,,120.4,250.55,540.95,960.02,,580.95,840.47,800.12,960.99,,,740.88,1500.86,1880.64,1880.71,,2270.07,3260.48,1380.9
09-15,10.28,,,80.34,120.39,250.59,540.49,,440.82,610.21,840.4,800.96,,,750.63,740.85,1490.14,1880.75,,,2310.3,3330.51,1390.48
09-16,,,40.95,80.35,120.47,250.78,,,340.65,610.7,820.93,810.59,,990.0,770.6,770.71,1470.0,,,2350.32,2310.35,3260.99,1370.73
09-17,,0.97,40.89,80.19,120.5,,,940.87,280.84,580.85,820.12,,950.68,990.4,780.66,760.49,,,1880.11,2350.89,2310.75,3290.56,1380.18
09-18,10.2,0.99,40.8,80.01,,,550.0,970.65,280.84,570.71,,,940.81,990.62,770.98,750.5,,1880.04,1910.65,2350.3,2290.0,,1370.48
09-19,10.22,0.99,40.8,70.9,,260.08,550.85,1030.39,450.14,,,800.21,930.76,1020.37,770.4,,1480.66,1840.85,1930.9,2340.98,,,1380.04
09-20,10.16,0.96,40.85,,120.52,260.85,550.25,1020.6,,,830.39,810.78,930.74,1020.55,,,1490.3,1860.47,1910.16,2320.0,,3260.92,1250.1
09-21,10.16,0.91,,,120.59,270.0,550.7,1010.86,,550.47,830.78,810.5,940.2,,,750.94,1500.67,1870.38,1930.44,,2240.64,3230.25,1200.23
09-22,10.07,,,70.94,120.42,260.63,540.4,,430.87,580.67,820.77,740.03,,,760.0,740.39,1540.18,1870.55,,,2270.03,3270.8,1240.31
09-23,,,40.8,80.03,120.29,260.93,,,420.79,590.94,840.24,700.17,,1010.4,770.68,730.74,1510.5,,,2290.7,2270.61,3270.02,1190.39
09-24,,0.9,40.86,70.92,120.25,,,1010.96,450.77,580.22,840.79,,940.08,1000.41,790.05,730.33,,,1980.75,2270.5,2280.36,3250.44,
09-25,10.16,0.86,40.88,70.77,,,530.41,980.72,460.03,590.47,,,930.77,1010.95,780.01,740.97,,1910.2,1950.55,2280.09,2270.57,,
09-26,10.12,0.86,50.06,70.77,,260.7,550.35,1000.68,430.85,,,690.25,900.79,1010.6,770.6,,1490.1,1920.54,1950.79,2290.09,,,1070.06
09-27,10.14,0.88,50.08,,120.22,270.0,560.8,1020.07,,,830.55,720.56,900.02,980.7,,,1470.53,1930.7,2040.1,2280.05,,3310.68,1120.92
09-28,10.15,0.89,,,120.13,270.5,580.4,1030.48,,600.26,830.09,700.95,910.08,,,740.57,1470.18,1910.96,2030.32,,2280.32,3290.3,1110.06
09-29,10.15,,,70.88,120.11,270.05,580.0,,400.33,600.68,830.91,740.82,,,760.7,750.5,1480.47,1920.33,,,2240.9,3280.43,1100.41
09-30,,,40.97,80.02,120.14,270.39,,,430.69,590.88,860.02,700.54,,970.7,750.52,750.3,1450.34,,,2270.71,2280.0,3400.99,1100.21
10-01,,0.89,50.14,80.13,120.45,,,1000.87,410.88,600.0,880.99,,920.25,990.15,740.26,740.51,,,2040.2,2260.49,2280.85,3380.48,
10-02,10.17,0.9,50.25,80.25,,,580.29,1040.9,410.51,580.5,,,910.95,970.71,730.15,730.8,,1930.0,1990.5,2230.5,2080.16,,
10-03,10.21,0.88,50.5,80.3,,270.57,560.5,1030.15,420.22,,,680.34,920.02,980.21,730.77,,1480.87,1920.5,1980.3,2240.08,,,1140.35
10-04,10.16,0.89,50.69,,120.46,270.45,570.51,1000.77,,,890.93,620.53,910.44,1000.25,,,1480.1,1920.03,1890.35,2220.76,,3450.85,1100.55
10-05,10.14,0.91,,,120.56,260.86,590.81,1020.19,,580.49,910.98,620.72,930.07,,,760.2,1470.95,1930.74,1870.2,,2080.79,3630.2,1080.51
10-06,10.14,,,80.21,120.69,260.0,590.22,,350.22,610.0,910.17,650.78,,,760.33,770.31,1480.9,1940.16,,,2120.21,3640.28,1080.24
10-07,,,50.62,80.19,120.7,250.55,,,350.96,620.26,900.47,680.18,,1000.5,750.32,790.65,1480.74,,,2270.55,2100.5,3680.93,1010.5
10-08,,0.9,50.61,80.95,120.73,,,1030.97,300.27,660.2,900.44,,920.65,1010.91,730.8,830.11,,,1910.85,2260.03,2080.0,3730.01,
10-09,10.11,0.91,50.51,80.87,,,600.64,1050.73,320.46,680.52,,,920.62,1010.55,730.65,850.77,,1940.0,1910.25,2270.7,2060.0,,
10-10,10.1,0.93,50.43,80.86,,260.75,610.74,1050.62,320.46,,,700.3,920.26,1030.7,730.5,,1510.27,1930.21,1890.89,2280.5,,,1060.71
10-11,10.04,0.96,50.48,,130.01,260.96,610.6,1070.55,,,910.58,700.1,920.58,1020.8,,,1510.3,1950.83,1850.27,2300.31,,3870.6,1070.72
10-12,10.04,0.97,,,120.38,260.2,610.75,1080.69,,700.8,900.97,740.22,910.47,,,850.45,1490.2,1950.51,1910.85,,2050.58,3770.79,1050.9
10-13,10.02,,,80.93,120.58,250.29,610.94,,280.76,680.46,910.33,740.98,,,740.26,850.0,1460.09,1960.48,,,2050.0,3780.8,1060.5
10-14,,,50.44,90.0,120.65,240.43,,,330.95,700.42,910.47,800.67,,1030.0,740.55,860.81,1460.73,,,2280.4,2070.8,3760.09,1070.78
10-15,,0.97,50.59,90.07,120.55,,,1100.05,290.17,670.61,920.36,,910.23,1040.7,730.08,870.7,,,1900.92,2290.4,2030.35,3710.82,1080.66
10-16,10.1,0.97,50.6,90.1,,,600.9,1090.13,260.95,640.94,,,920.09,1040.04,710.12,880.52,,1970.7,1960.05,2310.0,2010.22,,1070.87
10-17,10.12,0.99,50.67,90.03,,240.7,590.3,1080.38,260.3,,,790.12,930.16,1030.4,730.15,,1460.46,1970.2,1940.05,2330.5,,,1120.44
10-18,10.03,0.95,50.66,,120.77,240.89,600.29,1060.76,,,940.99,770.84,930.65,1050.35,,,1470.74,1950.31,1910.0,2350.55,,3640.6,1100.88
10-19,10.08,0.97,,,120.97,230.83,610.0,1070.61,,690.08,950.43,800.67,930.14,,,870.07,1480.6,1920.2,1830.8,,2030.84,3730.18,1120.39
10-20,10.17,,,80.95,120.49,240.09,610.2,,260.58,680.99,970.54,800.92,,,720.25,880.14,1480.26,1920.97,,,2090.08,3700.16,1160.98
10-21,,,50.77,80.65,120.57,230.87,,,260.66,700.38,1030.29,810.85,,1050.49,720.5,860.95,1480.42,,,2340.94,2100.07,3640.6,1190.45
10-22,,0.99,50.69,80.36,120.77,,,1050.46,250.71,690.83,1010.91,,940.07,1050.4,710.82,860.53,,,1800.7,2390.77,2090.1,3640.37,1190.57
10-23,10.16,10.0,50.72,80.21,,,620.0,1060.71,230.05,690.76,,,930.55,1030.25,710.59,900.45,,1920.34,1810.0,2390.57,2140.15,,1190.5
10-24,10.18,10.01,50.61,80.33,,240.29,600.0,1050.77,170.7,,,840.31,930.34,1020.85,720.49,,1490.15,1920.5,1880.01,2420.78,,,1180.8
10-25,10.15,0.98,50.67,,120.7,230.91,600.97,1060.93,,,1020.36,820.21,920.9,1020.97,,,1510.57,1920.04,1860.71,2400.0,,3690.99,1240.36
10-26,10.15,10.0,,,120.91,240.5,610.2,1070.93,,690.26,1010.57,830.62,910.99,,,920.3,1500.67,1920.75,1810.0,,2110.8,3720.16,1240.43
10-27,10.16,,,70.91,130.2,230.85,600.6,,170.7,680.72,990.82,850.3,,,720.9,890.0,1490.3,1960.05,,,2070.88,3710.36,1260.61
10-28,,,50.73,80.08,130.13,240.53,,,170.98,650.18,990.39,850.41,,1020.87,730.9,900.05,1490.2,,,2370.03,2040.84,3650.36,1260.97
10-29,,0.99,50.59,70.91,130.58,,,1060.7,220.07,670.68,1010.34,,910.66,1020.75,740.05,880.6,,,1850.59,2400.11,2040.5,3560.14,1270.09
10-30,10.12,10.01,50.76,70.21,,,590.0,1040.56,280.69,640.76,,,910.18,1030.2,740.98,900.53,,1950.0,1840.78,2390.51,2010.03,,1260.97
10-31,10.13,10.0,50.92,70.71,,250.38,600.16,1060.27,280.14,,,820.03,910.82,1020.8,760.23,,1470.4,1930.8,1890.8,2340.89,,,1260.72
11-01,10.14,10.01,60.09,,130.42,250.38,610.12,1050.92,,,1010.87,770.11,910.78,1030.65,,,1450.85,1940.05,1880.67,2360.4,,3700.96,1270.05
11-02,10.15,10.02,,,130.49,260.35,600.63,1050.87,,660.45,1020.47,780.95,920.02,,,930.65,1420.36,1930.85,1920.6,,2030.58,3700.7,1250.49
11-03,10.15,,,80.07,130.28,260.77,610.0,,280.39,630.26,1030.3,800.92,,,760.29,950.4,1420.75,1930.8,,,2090.96,3700.13,1250.75
11-04,,,60.27,80.08,130.4,260.77,,,280.39,630.26,1030.3,800.92,,1030.65,760.29,950.4,1420.75,,,,,,1260.2
11-05,,10.05,60.04,70.91,140.07,,,1050.87,290.17,640.84,1030.3,,920.02,1020.46,750.65,950.5,,,,2380.53,2170.58,3600.21,1260.68
11-06,10.16,10.02,60.04,70.86,,,610.0,1060.75,260.54,640.83,,,910.38,1020.53,750.05,940.09,,1930.8,1970.8,2390.02,2170.55,,1260.51
11-07,10.16,10.02,60.04,70.86,,270.11,620.35,1070.04,280.48,,,820.36,890.98,1030.42,750.69,,1430.4,2050.96,2010.9,2420.5,,,1320.0
11-08,10.13,10.08,60.04,,140.07,270.1,620.5,1060.94,,,1030.94,840.29,860.28,1010.89,,,1460.11,2090.09,2020.89,2400.17,,3580.39,1310.29
11-09,10.09,10.08,,,140.2,270.29,630.85,1050.25,,680.98,1030.73,780.93,850.78,,,920.95,1510.04,2200.05,1950.75,,2290.89,3570.44,1270.3
11-10,10.08,,,70.93,140.1,270.85,630.85,,300.82,690.91,1000.56,800.38,,,770.78,940.35,1530.36,2170.7,,,2370.4,3480.65,1360.68
11-11,,,60.02,70.71,140.19,280.35,,,270.0,690.63,980.35,800.91,,1010.77,770.34,940.0,1510.51,,,2410.5,2430.6,3560.24,1360.98
11-12,,10.05,60.09,70.48,140.19,,,1050.73,270.0,690.5,970.48,,860.8,1040.2,760.32,940.29,,,1960.82,2390.87,2450.07,3470.59,1360.94
11-13,10.04,10.11,50.94,70.42,,,640.03,1050.09,250.04,690.72,,,840.43,1010.59,740.03,930.4,,2160.61,1960.56,2370.21,2390.79,,1370.84
11-14,10.07,10.08,50.86,70.5,,290.82,630.29,1050.42,250.43,,,800.35,840.67,1030.65,740.15,,1500.4,2210.4,1990.2,2370.5,,,1390.8
11-15,10.05,10.05,60.0,,140.17,310.37,640.0,1050.15,,,990.22,800.61,860.12,1030.66,,,1490.85,2250.95,2000.15,2400.0,,3440.39,1350.66
11-16,10.05,10.06,,,140.03,300.53,650.63,1030.68,,730.76,950.2,790.82,860.05,,,950.8,1490.94,2270.5,1990.26,,2480.0,3370.91,1390.18
11-17,10.06,,,70.32,140.17,310.3,660.0,,230.41,730.17,970.27,800.4,,,730.97,1020.5,1490.75,2250.65,,,2460.58,3390.89,1370.57
11-18,,,60.04,70.21,140.6,310.1,,,250.08,730.34,990.52,800.1,,1050.45,750.21,1040.0,1500.05,,,2370.45,2440.18,3360.93,1360.89
11-19,,10.06,60.05,70.12,140.2,,,1020.56,240.48,710.2,980.65,,870.38,1060.22,730.9,1040.86,,,1970.99,2390.25,2380.8,3270.56,1360.67
11-20,10.03,10.08,60.16,70.26,,,640.75,1010.63,230.94,710.46,,,860.97,1060.0,730.63,1070.3,,2240.6,1940.21,2370.78,2380.0,,1360.02
11-21,10.01,10.11,60.17,70.26,,310.32,650.21,990.38,220.93,,,760.0,870.86,1040.97,740.39,,1530.0,2310.0,1970.5,2370.15,,,1340.46
11-22,0.96,10.2,60.24,,140.21,310.19,650.6,970.33,,,990.17,760.08,880.01,1050.1,,,1550.0,2300.25,1990.4,2380.13,,3090.15,1350.65
11-23,0.94,10.21,,,130.86,310.2,650.81,980.49,,710.62,980.4,760.71,890.25,,,1090.98,1550.23,2250.56,1970.3,,2380.84,3260.84,1360.59
11-24,0.96,,,70.28,130.67,310.28,650.76,,250.58,710.01,1010.2,750.59,,,740.4,1050.6,1610.15,2280.0,,,2450.72,3210.22,1360.61
11-25,,,60.33,70.34,130.54,310.49,,,250.29,700.01,1020.64,780.46,,1050.22,740.11,1080.51,1600.36,,,2370.98,2510.35,3170.29,1360.53
11-26,,10.23,60.19,70.4,130.59,,,1010.04,240.12,670.04,1010.43,,890.18,1030.35,730.85,1060.48,,,1880.5,2350.0,2510.5,3040.42,1350.93
11-27,10.0,10.27,60.24,70.72,,,650.45,990.79,240.58,670.38,,,890.13,1020.76,730.04,1040.55,,2260.76,1910.03,2340.22,2510.18,,1360.32
11-28,0.96,10.28,60.25,70.55,,310.98,650.2,1010.19,230.25,,,820.98,870.81,1020.66,720.25,,1590.4,2300.0,1900.2,2350.2,,,1350.53
11-29,0.92,10.32,60.46,,130.55,310.65,650.85,1020.46,,,1000.76,820.6,870.88,1030.27,,,1580.07,2280.2,1950.76,2330.98,,3160.57,1360.37
11-30,0.8,10.39,,,130.76,310.86,650.43,1030.89,,690.17,1010.75,870.55,910.4,,,1020.9,1580.7,2240.35,1940.0,,2490.65,3150.0,1360.78
12-01,0.76,,,70.84,130.45,330.0,650.37,,220.05,710.16,1030.43,870.71,,,730.79,1010.3,1580.7,2210.5,,,2590.76,3240.4,1370.15
12-02,,,60.35,70.83,130.44,340.1,,,210.91,710.42,1030.68,890.52,,1020.45,710.64,1020.5,1590.4,,,2330.77,2640.99,3260.8,1360.66
12-03,,10.43,60.35,70.83,130.27,,,1030.98,200.99,720.51,1020.99,,920.7,1000.13,720.0,1040.0,,,2000.3,2300.66,2630.94,3200.66,1350.93
12-04,0.78,10.53,60.4,70.73,,,650.47,1020.97,200.42,740.57,,,910.82,980.95,710.04,1030.05,,2240.6,1990.0,2310.59,2690.21,,1360.56
12-05,0.86,10.56,60.39,70.75,,340.23,650.7,1030.97,200.47,,,900.0,930.82,980.2,680.6,,1620.02,2230.91,1960.0,2310.71,,,1420.0
12-06,0.87,10.7,60.39,,130.23,330.83,690.2,1030.91,,,1050.71,860.16,930.53,990.81,,,1590.35,2230.75,1920.19,2350.14,,3070.5,1400.61
12-07,0.81,10.89,,,130.85,340.73,710.6,1040.89,,730.65,1070.32,850.08,930.18,,,1030.0,1590.95,2190.81,1950.01,,2750.8,3090.79,1420.32
12-08,0.86,,,70.8,130.0,340.5,730.85,,210.49,720.49,1040.78,860.01,,,650.3,970.0,1680.98,2200.89,,,2750.5,2960.95,1390.92
12-09,,,60.31,70.81,120.42,340.69,,,210.02,730.15,1040.62,820.49,,1010.0,660.26,1000.66,1690.66,,,2370.04,2780.48,3000.4,1400.03
12-10,,10.9,60.18,70.77,120.1,,,1070.22,210.11,740.35,1040.87,,930.48,1000.18,670.77,1000.13,,,1910.8,2370.91,2810.81,2970.44,1400.3
12-11,0.84,10.99,60.12,70.74,,,750.13,1080.3,220.04,740.96,,,930.63,1000.65,650.95,980.15,,2270.69,1920.57,2400.32,2830.67,,1400.33
12-12,0.84,10.99,60.12,70.74,,350.04,760.2,1080.12,220.09,,,790.93,930.71,980.9,640.2,,1750.4,2270.9,1900.45,2410.05,,,1390.48
12-13,0.86,10.82,60.12,,120.1,340.87,770.64,1050.87,,,1070.42,820.71,930.36,980.8,,,1760.9,2210.8,1890.17,2410.21,,2800.64,1380.13
12-14,0.82,10.84,,,120.75,340.61,780.75,1040.34,,760.13,1070.3,810.36,930.49,,,970.7,1730.7,2290.9,1840.93,,2790.04,2840.9,1370.3
12-15,0.75,,,70.69,120.75,340.72,780.25,,220.53,770.19,1070.67,820.29,,,600.63,1000.0,1740.92,2260.53,,,2760.47,2860.65,1340.55
12-16,,,50.98,70.53,120.65,340.69,,,220.8,820.06,1060.24,800.78,,990.79,530.5,1020.45,1730.9,,,2410.45,2780.35,2950.89,1350.45
12-17,,10.98,60.08,70.59,120.34,,,1030.83,220.32,810.14,1050.65,,930.53,1000.0,590.9,1030.75,,,1820.3,2410.6,2780.16,2940.9,1360.16
12-18,0.79,20.02,50.98,70.53,,,810.2,1050.18,210.49,810.42,,,950.15,1000.1,620.91,980.81,,2270.4,1860.6,2460.2,2710.15,,1350.14
12-19,0.78,20.13,60.13,70.7,,340.84,800.1,1050.4,220.12,,,810.63,940.55,1010.73,610.44,,1740.3,2240.1,1880.85,2440.0,,,1340.64
12-20,0.71,20.13,60.08,,120.6,340.65,820.3,1050.75,,,1050.45,820.59,940.51,1020.2,,,1750.9,2260.0,1890.3,2440.71,,2880.4,1380.28
12-21,0.69,20.13,,,130.44,340.83,820.61,1050.76,,810.25,1060.76,800.29,930.47,,,980.73,1740.71,2230.6,1860.79,,2590.89,2910.7,1370.75
12-22,0.73,,,70.72,130.2,360.97,810.77,,220.78,810.38,1060.85,800.05,,,580.6,990.8,1700.0,2210.44,,,2620.92,2940.0,1370.69
12-23,,,60.0,70.71,130.34,370.4,,,230.5,800.82,1060.99,790.86,,1020.22,540.0,1020.96,1710.15,,,2480.8,2680.83,2920.8,1370.94
12-24,,20.24,50.96,70.63,130.69,,,1050.44,230.23,810.0,1060.19,,920.49,1010.9,550.0,1010.35,,,1840.3,2480.67,2690.12,2930.89,1380.25
12-25,0.72,20.2,50.89,70.59,,,810.15,1040.04,220.88,800.89,,,920.43,1010.62,580.7,1010.34,,2230.3,1830.3,2480.04,2700.7,,1370.84
12-26,0.69,20.24,50.92,70.62,,370.93,810.06,1030.8,220.23,,,810.49,920.41,1010.91,570.13,,1710.97,2230.57,1830.4,2480.24,,,1400.95
12-27,0.7,20.22,60.04,,130.77,370.72,840.78,1030.58,,,1050.15,790.97,920.68,1000.65,,,1720.27,2260.98,1850.0,2520.06,,2950.68,1390.9
12-28,0.7,20.17,,,130.63,370.26,890.67,1020.3,,800.3,1040.53,790.27,920.92,,,1000.2,1700.1,2240.2,1860.5,,2740.3,2950.0,1390.51
12-29,0.7,,,70.67,130.44,370.88,920.2,,210.99,810.13,1040.26,780.9,,,540.51,1010.82,1710.3,2250.2,1860.3,,2720.74,2930.51,1400.96
12-30,,,60.06,70.58,130.91,370.65,,,220.53,810.87,1040.36,790.35,,1010.05,540.9,1010.26,1730.25,,,2540.75,2710.1,2930.49,1410.15
12-31,,,20.22,60.11,70.58,130.91,,,1020.3,220.79,830.14,1040.36,,920.92,1010.05,540.9,1010.26,,,,,,
